-- --------------------------------------------------------
-- Host:                         127.0.0.1
-- Server version:               11.7.2-MariaDB - mariadb.org binary distribution
-- Server OS:                    Win64
-- HeidiSQL Version:             12.10.0.7000
-- --------------------------------------------------------

/*!40101 SET @OLD_CHARACTER_SET_CLIENT=@@CHARACTER_SET_CLIENT */;
/*!40101 SET NAMES utf8 */;
/*!50503 SET NAMES utf8mb4 */;
/*!40103 SET @OLD_TIME_ZONE=@@TIME_ZONE */;
/*!40103 SET TIME_ZONE='+00:00' */;
/*!40014 SET @OLD_FOREIGN_KEY_CHECKS=@@FOREIGN_KEY_CHECKS, FOREIGN_KEY_CHECKS=0 */;
/*!40101 SET @OLD_SQL_MODE=@@SQL_MODE, SQL_MODE='NO_AUTO_VALUE_ON_ZERO' */;
/*!40111 SET @OLD_SQL_NOTES=@@SQL_NOTES, SQL_NOTES=0 */;


-- Dumping database structure for idculver
CREATE DATABASE IF NOT EXISTS `idculver` /*!40100 DEFAULT CHARACTER SET utf8mb4 COLLATE utf8mb4_uca1400_ai_ci */;
USE `idculver`;

-- Dumping structure for table idculver.bp_battle_pack
CREATE TABLE IF NOT EXISTS `bp_battle_pack` (
  `set_id` int(11) NOT NULL DEFAULT 0,
  `set_name` varchar(50) NOT NULL,
  `release_year` year(4) NOT NULL,
  `source_id` int(11) NOT NULL,
  `piece_count` int(11) DEFAULT NULL,
  `msrp` decimal(10,2) DEFAULT NULL,
  PRIMARY KEY (`set_id`),
  KEY `source_id` (`source_id`),
  CONSTRAINT `bp_battle_pack_ibfk_1` FOREIGN KEY (`source_id`) REFERENCES `bp_source` (`source_id`)
) ENGINE=InnoDB DEFAULT CHARSET=utf8mb4 COLLATE=utf8mb4_uca1400_ai_ci;

-- Dumping data for table idculver.bp_battle_pack: ~45 rows (approximately)
INSERT INTO `bp_battle_pack` (`set_id`, `set_name`, `release_year`, `source_id`, `piece_count`, `msrp`) VALUES
	(7654, 'Droids Battle Pack', '2007', 3, 102, 9.99),
	(7655, 'Clone Troopers Battle Pack', '2007', 3, 58, 9.99),
	(7667, 'Imperial Dropship', '2008', 10, 81, 9.99),
	(7668, 'Rebel Scout Speeder', '2008', 4, 82, 9.99),
	(7913, 'Clone Trooper Battle Pack', '2011', 11, 85, 12.99),
	(7914, 'Mandalorian Battle Pack', '2011', 11, 68, 12.99),
	(8014, 'Clone Walker Battle Pack', '2009', 11, 72, 11.99),
	(8015, 'Assassin Droids Battle Pack', '2009', 11, 94, 11.99),
	(8083, 'Rebel Trooper Battle Pack', '2010', 5, 79, 11.99),
	(8084, 'Snowtrooper Battle Pack', '2010', 5, 74, 11.99),
	(9488, 'Elite Clone Trooper & Commando Droid Battle Pack', '2012', 11, 98, 12.99),
	(9489, 'Endor Rebel Trooper & Imperial Trooper Battle Pack', '2012', 6, 77, 12.99),
	(75000, 'Clone Troopers vs. Droidekas', '2013', 2, 124, 12.99),
	(75001, 'Republic Troopers vs. Sith Troopers', '2013', 12, 63, 12.99),
	(75034, 'Death Star Troopers', '2014', 6, 102, 12.99),
	(75035, 'Kashyyyk Troopers', '2014', 3, 99, 12.99),
	(75036, 'Utapau Troopers', '2014', 3, 83, 12.99),
	(75037, 'Battle on Saleucami', '2014', 3, 183, 14.99),
	(75078, 'Imperial Trooper Transport', '2015', 13, 141, 12.99),
	(75079, 'Shadow Troopers', '2015', 14, 95, 12.99),
	(75088, 'Senate Commando Troops', '2015', 11, 106, 12.99),
	(75089, 'Geonosis Troopers', '2015', 10, 105, 12.99),
	(75131, 'Resistance Trooper Battle Pack', '2016', 7, 112, 12.99),
	(75132, 'First Order Battle Pack', '2016', 7, 88, 12.99),
	(75133, 'Rebel Alliance Battle Pack', '2016', 15, 101, 12.99),
	(75134, 'Galactic Empire Battle Pack', '2016', 15, 109, 12.99),
	(75164, 'Rebel Trooper Battle Pack', '2017', 16, 120, 14.99),
	(75165, 'Imperial Trooper Battle Pack', '2017', 16, 112, 14.99),
	(75166, 'First Order Transport Speeder Battle Pack', '2017', 7, 117, 14.99),
	(75167, 'Bounty Hunter Speeder Bike Battle Pack', '2017', 5, 125, 14.99),
	(75197, 'First Order Specialists Battle Pack', '2018', 8, 108, 14.99),
	(75198, 'Tatooine Battle Pack', '2018', 4, 97, 14.99),
	(75206, 'Jedi and Clone Troopers Battle Pack', '2018', 2, 102, 14.99),
	(75207, 'Imperial Patrol Battle Pack', '2018', 17, 99, 14.99),
	(75225, 'Elite Praetorian Guard Battle Pack', '2019', 8, 109, 14.99),
	(75226, 'Inferno Squad Battle Pack', '2019', 15, 118, 14.99),
	(75262, 'Imperial Dropship – 20th Anniversary Edition', '2019', 10, 125, 19.99),
	(75266, 'Sith Troopers Battle Pack', '2020', 9, 105, 14.99),
	(75267, 'Mandalorian Battle Pack', '2020', 18, 102, 14.99),
	(75280, '501st Legion Clone Troopers', '2020', 11, 285, 29.99),
	(75320, 'Snowtrooper Battle Pack', '2022', 5, 105, 19.99),
	(75345, '501st Clone Troopers Battle Pack', '2023', 11, 119, 19.99),
	(75359, '332nd Ahsoka\'s Clone Trooper Battle Pack', '2023', 11, 108, 19.99),
	(75372, 'Clone Trooper & Battle Droid Battle Pack', '2024', 11, 215, 29.99),
	(75373, 'Ambush on Mandalore Battle Pack', '2024', 18, 109, 19.99);

-- Dumping structure for table idculver.bp_battle_pack_has_minifig
CREATE TABLE IF NOT EXISTS `bp_battle_pack_has_minifig` (
  `set_id` int(11) NOT NULL,
  `bl_id` varchar(10) NOT NULL,
  `count` int(11) NOT NULL DEFAULT 1,
  PRIMARY KEY (`set_id`,`bl_id`),
  KEY `bl_id` (`bl_id`),
  CONSTRAINT `bp_battle_pack_has_minifig_ibfk_1` FOREIGN KEY (`set_id`) REFERENCES `bp_battle_pack` (`set_id`),
  CONSTRAINT `bp_battle_pack_has_minifig_ibfk_2` FOREIGN KEY (`bl_id`) REFERENCES `bp_minifig` (`bl_id`)
) ENGINE=InnoDB DEFAULT CHARSET=utf8mb4 COLLATE=utf8mb4_uca1400_ai_ci;

-- Dumping data for table idculver.bp_battle_pack_has_minifig: ~136 rows (approximately)
INSERT INTO `bp_battle_pack_has_minifig` (`set_id`, `bl_id`, `count`) VALUES
	(7654, 'sw0001b', 4),
	(7654, 'sw0092', 3),
	(7655, 'sw0091', 1),
	(7655, 'sw0126', 2),
	(7655, 'sw0128a', 1),
	(7667, 'sw0166a', 1),
	(7667, 'sw0188', 3),
	(7668, 'sw0187', 4),
	(7913, 'sw0297', 1),
	(7913, 'sw0298', 1),
	(7913, 'sw0299', 2),
	(7914, 'sw0296', 4),
	(8014, 'sw0201', 2),
	(8014, 'sw0221', 1),
	(8014, 'sw0223', 1),
	(8015, 'sw0222', 2),
	(8015, 'sw0229', 3),
	(8083, 'sw0258', 1),
	(8083, 'sw0259', 2),
	(8083, 'sw0260', 1),
	(8084, 'sw0115', 2),
	(8084, 'sw0261', 1),
	(8084, 'sw0262', 1),
	(9488, 'sw0359', 2),
	(9488, 'sw0377', 1),
	(9488, 'sw0378', 1),
	(9489, 'sw0005b', 1),
	(9489, 'sw0366', 1),
	(9489, 'sw0367', 1),
	(9489, 'sw0368', 1),
	(75000, 'sw0438', 1),
	(75000, 'sw0441', 2),
	(75000, 'sw0442', 1),
	(75001, 'sw0436', 1),
	(75001, 'sw0440', 1),
	(75001, 'sw0443', 1),
	(75001, 'sw0444', 1),
	(75034, 'sw0520', 1),
	(75034, 'sw0521', 2),
	(75034, 'sw0529', 1),
	(75035, 'sw0518', 2),
	(75035, 'sw0519', 2),
	(75036, 'sw0522', 2),
	(75036, 'sw0523', 2),
	(75037, 'sw0001b', 1),
	(75037, 'sw0001c', 1),
	(75037, 'sw0092', 2),
	(75037, 'sw0524', 1),
	(75078, 'sw0578', 2),
	(75078, 'sw0617', 2),
	(75079, 'sw0603', 2),
	(75079, 'sw0604', 2),
	(75088, 'sw0613', 1),
	(75088, 'sw0614', 3),
	(75089, 'sw0605', 2),
	(75089, 'sw0606', 2),
	(75131, 'sw0696', 1),
	(75131, 'sw0697', 1),
	(75131, 'sw0698', 1),
	(75131, 'sw0699', 1),
	(75132, 'sw0667', 1),
	(75132, 'sw0671', 1),
	(75132, 'sw0694', 1),
	(75132, 'sw0695', 1),
	(75133, 'sw0687', 1),
	(75133, 'sw0688', 1),
	(75133, 'sw0689', 1),
	(75133, 'sw0690', 1),
	(75134, 'sw0691', 2),
	(75134, 'sw0692', 1),
	(75134, 'sw0693', 1),
	(75164, 'sw0803', 1),
	(75164, 'sw0804', 1),
	(75164, 'sw0805', 1),
	(75164, 'sw0806', 1),
	(75165, 'sw0585', 2),
	(75165, 'sw0807', 2),
	(75166, 'sw0666', 1),
	(75166, 'sw0667', 2),
	(75166, 'sw0832', 1),
	(75167, 'sw0751', 1),
	(75167, 'sw0828', 1),
	(75167, 'sw0830', 1),
	(75167, 'sw0831a', 1),
	(75197, 'sw0671', 1),
	(75197, 'sw0871', 1),
	(75197, 'sw0886', 2),
	(75198, 'sw0620', 1),
	(75198, 'sw0895', 1),
	(75198, 'sw0896', 1),
	(75198, 'sw0897', 1),
	(75206, 'sw0909', 1),
	(75206, 'sw0910', 2),
	(75206, 'sw0911', 1),
	(75207, 'sw0912', 1),
	(75207, 'sw0913', 1),
	(75207, 'sw0914', 2),
	(75225, 'sw0905', 1),
	(75225, 'sw0989', 2),
	(75225, 'sw0990', 1),
	(75225, 'sw0998', 1),
	(75226, 'sw0986', 1),
	(75226, 'sw0987', 1),
	(75226, 'sw0988', 1),
	(75226, 'sw1000', 1),
	(75262, 'sw0997b', 3),
	(75262, 'sw1031', 1),
	(75262, 'sw1032', 1),
	(75266, 'sw1065', 1),
	(75266, 'sw1075', 2),
	(75266, 'sw1076', 1),
	(75267, 'sw1077', 1),
	(75267, 'sw1078', 1),
	(75267, 'sw1079', 1),
	(75267, 'sw1080', 1),
	(75280, 'sw0001c', 2),
	(75280, 'sw1093', 1),
	(75280, 'sw1094', 3),
	(75320, 'sw1178', 1),
	(75320, 'sw1179', 1),
	(75320, 'sw1181', 1),
	(75320, 'sw1182', 1),
	(75345, 'sw1246', 1),
	(75345, 'sw1247', 2),
	(75345, 'sw1248', 1),
	(75359, 'sw1276', 2),
	(75359, 'sw1277', 1),
	(75359, 'sw1278', 1),
	(75372, 'sw0001d', 1),
	(75372, 'sw1305', 1),
	(75372, 'sw1319', 3),
	(75372, 'sw1320', 1),
	(75372, 'sw1321', 3),
	(75373, 'sw1344', 1),
	(75373, 'sw1345', 1),
	(75373, 'sw1346', 2);

-- Dumping structure for table idculver.bp_minifig
CREATE TABLE IF NOT EXISTS `bp_minifig` (
  `bl_id` varchar(10) NOT NULL,
  `minifig_name` varchar(50) NOT NULL,
  `specification` varchar(60) DEFAULT NULL,
  `is_unique` tinyint(1) NOT NULL DEFAULT 1,
  PRIMARY KEY (`bl_id`)
) ENGINE=InnoDB DEFAULT CHARSET=utf8mb4 COLLATE=utf8mb4_uca1400_ai_ci;

-- Dumping data for table idculver.bp_minifig: ~131 rows (approximately)
INSERT INTO `bp_minifig` (`bl_id`, `minifig_name`, `specification`, `is_unique`) VALUES
	('sw0001b', 'Battle Droid', NULL, 0),
	('sw0001c', 'Battle Droid', NULL, 0),
	('sw0001d', 'Battle Droid', NULL, 0),
	('sw0005b', 'Scout Trooper', NULL, 1),
	('sw0091', 'Clone Shock Trooper', 'Coruscant Guard', 1),
	('sw0092', 'Super Battle Droid', NULL, 0),
	('sw0115', 'Snowtrooper', NULL, 0),
	('sw0126', 'Clone Trooper', 'Phase II', 0),
	('sw0128a', 'Clone Trooper', '327th Star Corps', 1),
	('sw0166a', 'Shadow Trooper', NULL, 0),
	('sw0187', 'Rebel Trooper', 'Fleet Trooper', 0),
	('sw0188', 'Stormtrooper', NULL, 0),
	('sw0201', 'Clone Trooper', 'Phase I', 0),
	('sw0221', 'Clone Gunner', NULL, 0),
	('sw0222', 'Elite Assassin Droid', NULL, 0),
	('sw0223', 'Clone Commander', NULL, 1),
	('sw0229', 'Assassin Droid', NULL, 1),
	('sw0258', 'Hoth Officer', NULL, 1),
	('sw0259', 'Hoth Rebel Trooper', NULL, 1),
	('sw0260', 'Zev Senesca', NULL, 0),
	('sw0261', 'Imperial Officer', 'Battle Armor', 1),
	('sw0262', 'AT-AT Driver', NULL, 0),
	('sw0296', 'Mandalorian Death Watch Warrior', NULL, 0),
	('sw0297', 'ARF Trooper', '91st Mobile Reconnaissance Corps, Lightning Squadron', 1),
	('sw0298', 'Clone Trooper', 'Horn Company', 1),
	('sw0299', 'Bomb Squad Trooper', NULL, 1),
	('sw0359', 'Commando Droid', NULL, 0),
	('sw0366', 'Stormtrooper', NULL, 0),
	('sw0367', 'Endor Rebel Trooper', NULL, 0),
	('sw0368', 'Endor Rebel Trooper', NULL, 1),
	('sw0377', 'ARC Trooper', 'Rancor Battalion', 1),
	('sw0378', 'ARF Trooper', 'Rancor Battalion', 1),
	('sw0436', 'Sith Trooper', 'Red Armor', 1),
	('sw0438', 'Clone Sergeant', NULL, 1),
	('sw0440', 'Republic Trooper', NULL, 1),
	('sw0441', 'Droideka', NULL, 1),
	('sw0442', 'Clone Trooper', 'Phase I', 0),
	('sw0443', 'Sith Trooper', 'Black Armor', 0),
	('sw0444', 'Republic Trooper', NULL, 1),
	('sw0518', 'Clone Scout Trooper', '41st Elite Corps, Kashyyyk Camo', 0),
	('sw0519', 'Clone Trooper', '41st Elite Corps, Kashyyyk Camo', 0),
	('sw0520', 'Imperial Gunner', NULL, 1),
	('sw0521', 'Royal Guard', NULL, 0),
	('sw0522', 'Clone Trooper', '212th Attack Battalion', 1),
	('sw0523', 'Airborne Trooper', '212th Attack Battalion', 1),
	('sw0524', 'BARC Trooper', '91st Mobile Reconnaissance Corps', 1),
	('sw0529', 'Imperial Gunner', NULL, 0),
	('sw0578', 'Stormtrooper', NULL, 0),
	('sw0585', 'Stormtrooper', NULL, 0),
	('sw0603', 'Shadow Stormtrooper', NULL, 1),
	('sw0604', 'Shadow Guard', NULL, 1),
	('sw0605', 'Airborne Trooper', 'Geonosis Camo', 1),
	('sw0606', 'Clone Trooper', 'Geonosis Camo', 1),
	('sw0613', 'Senate Commando Captain', NULL, 1),
	('sw0614', 'Senate Commando', NULL, 1),
	('sw0617', 'Stormtrooper', NULL, 1),
	('sw0620', 'Tusken Raider', NULL, 0),
	('sw0666', 'First Order Flametrooper', NULL, 0),
	('sw0667', 'First Order Stormtrooper', NULL, 0),
	('sw0671', 'First Order Fleet Engineer', NULL, 0),
	('sw0687', 'Rodian Alliance Fighter', NULL, 1),
	('sw0688', 'Rebel Trooper', NULL, 1),
	('sw0689', 'Duros Alliance Fighter', NULL, 1),
	('sw0690', 'Rebel Trooper', NULL, 1),
	('sw0691', 'Jump Trooper', NULL, 1),
	('sw0692', 'Imperial Shock Trooper', NULL, 1),
	('sw0693', 'Imperial Crewman', NULL, 1),
	('sw0694', 'First Order Crewman', NULL, 1),
	('sw0695', 'First Order Heavy Assault Stormtrooper', NULL, 1),
	('sw0696', 'Resistance Trooper', NULL, 1),
	('sw0697', 'Resistance Trooper', NULL, 1),
	('sw0698', 'Resistance Trooper', NULL, 1),
	('sw0699', 'Resistance Officer', NULL, 1),
	('sw0751', 'Dengar', NULL, 0),
	('sw0803', 'Private Kappehl', 'Rebel Trooper', 1),
	('sw0804', 'Corporal Rostok', 'Rebel Trooper', 1),
	('sw0805', 'Private Calfor', 'Rebel Trooper', 1),
	('sw0806', 'Corporal Tonc', 'Rebel Trooper', 1),
	('sw0807', 'Death Trooper', NULL, 0),
	('sw0828', 'Bossk', NULL, 1),
	('sw0830', '4-LOM', NULL, 0),
	('sw0831a', 'IG-88', NULL, 0),
	('sw0832', 'Colonel Datoo', 'First Order Officer', 1),
	('sw0871', 'First Order Shuttle Pilot', NULL, 0),
	('sw0886', 'First Order Stormtrooper Executioner', NULL, 1),
	('sw0895', 'R3-T2', NULL, 1),
	('sw0896', 'Jawa', NULL, 0),
	('sw0897', 'Jawa', NULL, 0),
	('sw0905', 'First Order Stormtrooper', NULL, 0),
	('sw0909', 'Barriss Offee', NULL, 1),
	('sw0910', 'Clone Trooper', 'Phase I', 1),
	('sw0911', 'Ki-Adi-Mundi', NULL, 1),
	('sw0912', 'Corporal Latt', 'Imperial Emigration Officer', 1),
	('sw0913', 'Imperial Recruitment Officer', NULL, 1),
	('sw0914', 'Imperial Patrol Trooper', NULL, 1),
	('sw0986', 'Inferno Squad Agent', NULL, 1),
	('sw0987', 'Inferno Squad Agent', NULL, 1),
	('sw0988', 'Inferno Squad Agent', NULL, 1),
	('sw0989', 'Elite Praetorian Guard', NULL, 1),
	('sw0990', 'Elite Praetorian Guard', NULL, 0),
	('sw0997b', 'Stormtrooper', NULL, 0),
	('sw0998', 'Praetorian Training Droid', NULL, 1),
	('sw1000', 'Iden Versio', 'Inferno Squad Commander', 1),
	('sw1031', 'Shadow Trooper', NULL, 1),
	('sw1032', 'Han Solo', '20th Anniversary', 1),
	('sw1065', 'Sith Trooper', NULL, 0),
	('sw1075', 'Sith Jet Trooper', NULL, 1),
	('sw1076', 'Sith Fleet Officer', NULL, 1),
	('sw1077', 'Mandalorian Tribe Warrior', NULL, 1),
	('sw1078', 'Mandalorian Tribe Warrior', NULL, 0),
	('sw1079', 'Mandalorian Tribe Warrior', NULL, 1),
	('sw1080', 'Mandalorian Tribe Warrior', NULL, 1),
	('sw1093', 'Clone Jet Trooper', '501st Legion', 1),
	('sw1094', 'Clone Trooper', '501st Legion', 0),
	('sw1178', 'Snowtrooper', NULL, 0),
	('sw1179', 'Snowtrooper', NULL, 0),
	('sw1181', 'Snowtrooper', NULL, 0),
	('sw1182', 'Scout Trooper', 'Hoth', 1),
	('sw1246', 'Clone Officer', '501st Legion', 1),
	('sw1247', 'Clone Heavy Trooper', '501st Legion', 1),
	('sw1248', 'Clone Specialist', '501st Legion', 1),
	('sw1276', 'Clone Trooper', '501st Legion, 332nd Company', 1),
	('sw1277', 'Captain Vaughn', '501st Legion, 332nd Company', 1),
	('sw1278', 'Clone Trooper', '501st Legion, 332nd Company', 1),
	('sw1305', 'Clone Shock Trooper', 'Coruscant Guard', 1),
	('sw1319', 'Clone Trooper', 'Phase II', 1),
	('sw1320', 'Battle Droid', NULL, 1),
	('sw1321', 'Super Battle Droid', NULL, 0),
	('sw1344', 'Mandalorian Nite Owl', NULL, 1),
	('sw1345', 'Mandalorian Warrior', NULL, 1),
	('sw1346', 'Imperial Commando', NULL, 1);

-- Dumping structure for table idculver.bp_source
CREATE TABLE IF NOT EXISTS `bp_source` (
  `source_id` int(11) NOT NULL AUTO_INCREMENT,
  `title` varchar(50) DEFAULT NULL,
  `short_title` varchar(20) DEFAULT NULL,
  PRIMARY KEY (`source_id`)
) ENGINE=InnoDB AUTO_INCREMENT=19 DEFAULT CHARSET=utf8mb4 COLLATE=utf8mb4_uca1400_ai_ci;

-- Dumping data for table idculver.bp_source: ~18 rows (approximately)
INSERT INTO `bp_source` (`source_id`, `title`, `short_title`) VALUES
	(1, 'Star Wars: Episode I -  The Phantom Menace', 'Ep. I'),
	(2, 'Star Wars: Episode II - Attack of the Clones', 'Ep. II'),
	(3, 'Star Wars: Episode III - Revenge of the Sith', 'Ep. III'),
	(4, 'Star Wars: Episode IV - A New Hope', 'Ep. IV'),
	(5, 'Star Wars: Episode V - The Empire Strikes Back', 'Ep. V'),
	(6, 'Star Wars: Episode VI - Return of the Jedi', 'Ep. VI'),
	(7, 'Star Wars: Episode VII - The Force Awakens', 'Ep. VII'),
	(8, 'Star Wars: Episode VIII - The Last Jedi', 'Ep. VIII'),
	(9, 'Star Wars: Episode IX - The Rise of Skywalker', 'Ep. IX'),
	(10, 'Star Wars Legends', 'Legends'),
	(11, 'Star Wars: The Clone Wars', 'Clone Wars'),
	(12, 'Star Wars: The Old Republic', 'The Old Republic'),
	(13, 'Star Wars: Rebels', 'Rebels'),
	(14, 'Star Wars: The Force Unleashed', 'Force Unleashed'),
	(15, 'Star Wars: Battlefront', 'Battlefront'),
	(16, 'Rogue One: A Star Wars Story', 'Rogue One'),
	(17, 'Solo: A Star Wars Story', 'Solo'),
	(18, 'The Mandalorian', 'The Mandalorian');

-- Dumping structure for table idculver.sv_bundle
CREATE TABLE IF NOT EXISTS `sv_bundle` (
  `bundle_id` int(11) NOT NULL AUTO_INCREMENT,
  `bundle_name` varchar(30) NOT NULL,
  PRIMARY KEY (`bundle_id`)
) ENGINE=InnoDB AUTO_INCREMENT=8 DEFAULT CHARSET=utf8mb4 COLLATE=utf8mb4_uca1400_ai_ci;

-- Dumping data for table idculver.sv_bundle: ~7 rows (approximately)
INSERT INTO `sv_bundle` (`bundle_id`, `bundle_name`) VALUES
	(1, 'Field Research Bundle'),
	(2, 'Lake Fish Bundle'),
	(3, 'Night Fishing Bundle'),
	(4, 'Ocean Fish Bundle'),
	(5, 'River Fish Bundle'),
	(6, 'Specialty Fish Bundle'),
	(7, 'The Missing Bundle');

-- Dumping structure for table idculver.sv_fish
CREATE TABLE IF NOT EXISTS `sv_fish` (
  `fish_id` int(11) NOT NULL AUTO_INCREMENT,
  `fish_name` varchar(30) NOT NULL,
  `base_price` int(11) NOT NULL,
  `bundle_id` int(11) DEFAULT NULL,
  `time_range` varchar(15) DEFAULT NULL,
  `weather` enum('Any','Sun','Sun or wind','Rain') NOT NULL,
  PRIMARY KEY (`fish_id`),
  KEY `bundle_id` (`bundle_id`),
  CONSTRAINT `sv_fish_ibfk_1` FOREIGN KEY (`bundle_id`) REFERENCES `sv_bundle` (`bundle_id`)
) ENGINE=InnoDB AUTO_INCREMENT=50 DEFAULT CHARSET=utf8mb4 COLLATE=utf8mb4_uca1400_ai_ci;

-- Dumping data for table idculver.sv_fish: ~49 rows (approximately)
INSERT INTO `sv_fish` (`fish_id`, `fish_name`, `base_price`, `bundle_id`, `time_range`, `weather`) VALUES
	(1, 'Albacore', 75, NULL, '06-11,18-02', 'Any'),
	(2, 'Anchovy', 30, NULL, NULL, 'Any'),
	(3, 'Blue Discus', 120, NULL, NULL, 'Any'),
	(4, 'Bream', 45, 3, '18-02', 'Any'),
	(5, 'Bullhead', 75, 2, NULL, 'Any'),
	(6, 'Carp', 30, 2, NULL, 'Any'),
	(7, 'Catfish', 200, 5, '06-00', 'Rain'),
	(8, 'Catfish', 200, 5, '06-00', 'Rain'),
	(9, 'Chub', 50, 1, NULL, 'Any'),
	(10, 'Dorado', 100, NULL, '06-19', 'Any'),
	(11, 'Eel', 85, 3, '16-02', 'Rain'),
	(12, 'Flounder', 100, NULL, '06-20', 'Any'),
	(13, 'Ghostfish', 45, 6, NULL, 'Any'),
	(14, 'Goby', 150, NULL, NULL, 'Any'),
	(15, 'Halibut', 80, NULL, '06-11,19-02', 'Any'),
	(16, 'Herring', 30, NULL, NULL, 'Any'),
	(17, 'Ice Pip', 500, NULL, NULL, 'Any'),
	(18, 'Largemouth Bass', 100, 2, '06-19', 'Any'),
	(19, 'Lava Eel', 700, NULL, NULL, 'Any'),
	(20, 'Lingcod', 120, NULL, NULL, 'Any'),
	(21, 'Lionfish', 100, NULL, NULL, 'Any'),
	(22, 'Midnight Carp', 150, NULL, '22-02', 'Any'),
	(23, 'Octopus', 150, NULL, '06-13', 'Any'),
	(24, 'Perch', 55, NULL, NULL, 'Any'),
	(25, 'Pike', 100, NULL, NULL, 'Any'),
	(26, 'Pufferfish', 200, 6, '12-16', 'Sun'),
	(27, 'Rainbow Trout', 65, NULL, '06-19', 'Sun'),
	(28, 'Red Mullet', 75, NULL, '06-19', 'Any'),
	(29, 'Red Snapper', 50, 4, '06-19', 'Rain'),
	(30, 'Salmon', 75, NULL, '06-19', 'Any'),
	(31, 'Sandfish', 75, 6, '06-20', 'Any'),
	(32, 'Sardine', 40, 4, '06-19', 'Any'),
	(33, 'Scorpion Carp', 150, NULL, '06-20', 'Any'),
	(34, 'Sea Cucumber', 75, NULL, '06-19', 'Any'),
	(35, 'Shad', 60, 5, '09-02', 'Rain'),
	(36, 'Slimejack', 100, NULL, NULL, 'Any'),
	(37, 'Smallmouth Bass', 50, NULL, NULL, 'Any'),
	(38, 'Squid', 80, NULL, '18-02', 'Any'),
	(39, 'Stingray', 180, NULL, NULL, 'Any'),
	(40, 'Stonefish', 300, NULL, NULL, 'Any'),
	(41, 'Sturgeon', 200, 2, '06-19', 'Any'),
	(42, 'Sunfish', 30, 5, '06-19', 'Sun or wind'),
	(43, 'Super Cucumber', 250, NULL, '18-02', 'Any'),
	(44, 'Tiger Trout', 150, 5, '06-19', 'Any'),
	(45, 'Tilapia', 75, 4, '06-14', 'Any'),
	(46, 'Tuna', 100, 4, '06-19', 'Any'),
	(47, 'Void Salmon', 150, 7, NULL, 'Any'),
	(48, 'Walleye', 105, 3, '12-02', 'Rain'),
	(49, 'Woodskip', 75, 6, NULL, 'Any');

-- Dumping structure for table idculver.sv_fish_in_location
CREATE TABLE IF NOT EXISTS `sv_fish_in_location` (
  `fish_id` int(11) NOT NULL,
  `location_id` int(11) NOT NULL,
  PRIMARY KEY (`fish_id`,`location_id`),
  KEY `location_id` (`location_id`),
  CONSTRAINT `sv_fish_in_location_ibfk_1` FOREIGN KEY (`fish_id`) REFERENCES `sv_fish` (`fish_id`),
  CONSTRAINT `sv_fish_in_location_ibfk_2` FOREIGN KEY (`location_id`) REFERENCES `sv_location` (`location_id`)
) ENGINE=InnoDB DEFAULT CHARSET=utf8mb4 COLLATE=utf8mb4_uca1400_ai_ci;

-- Dumping data for table idculver.sv_fish_in_location: ~87 rows (approximately)
INSERT INTO `sv_fish_in_location` (`fish_id`, `location_id`) VALUES
	(31, 1),
	(33, 1),
	(22, 2),
	(24, 2),
	(25, 2),
	(37, 2),
	(48, 2),
	(4, 3),
	(7, 3),
	(9, 3),
	(10, 3),
	(20, 3),
	(24, 3),
	(25, 3),
	(27, 3),
	(30, 3),
	(35, 3),
	(42, 3),
	(44, 3),
	(48, 3),
	(14, 4),
	(30, 4),
	(12, 5),
	(21, 5),
	(23, 5),
	(26, 5),
	(43, 5),
	(45, 5),
	(46, 5),
	(3, 6),
	(22, 6),
	(3, 7),
	(22, 7),
	(13, 8),
	(40, 8),
	(13, 9),
	(17, 9),
	(19, 10),
	(5, 11),
	(6, 11),
	(9, 11),
	(18, 11),
	(20, 11),
	(22, 11),
	(24, 11),
	(27, 11),
	(41, 11),
	(48, 11),
	(36, 12),
	(1, 13),
	(2, 13),
	(11, 13),
	(12, 13),
	(15, 13),
	(16, 13),
	(23, 13),
	(26, 13),
	(28, 13),
	(29, 13),
	(32, 13),
	(34, 13),
	(38, 13),
	(43, 13),
	(45, 13),
	(46, 13),
	(39, 14),
	(6, 15),
	(7, 15),
	(8, 15),
	(49, 15),
	(6, 16),
	(4, 17),
	(7, 17),
	(20, 17),
	(24, 17),
	(25, 17),
	(27, 17),
	(30, 17),
	(35, 17),
	(37, 17),
	(42, 17),
	(44, 17),
	(48, 17),
	(19, 18),
	(7, 19),
	(8, 19),
	(47, 19);

-- Dumping structure for table idculver.sv_location
CREATE TABLE IF NOT EXISTS `sv_location` (
  `location_id` int(11) NOT NULL AUTO_INCREMENT,
  `location_name` varchar(30) NOT NULL,
  `ignore_seasons` tinyint(1) NOT NULL DEFAULT 0,
  PRIMARY KEY (`location_id`)
) ENGINE=InnoDB AUTO_INCREMENT=20 DEFAULT CHARSET=utf8mb4 COLLATE=utf8mb4_uca1400_ai_ci;

-- Dumping data for table idculver.sv_location: ~19 rows (approximately)
INSERT INTO `sv_location` (`location_id`, `location_name`, `ignore_seasons`) VALUES
	(1, 'Desert', 1),
	(2, 'Forest Pond', 0),
	(3, 'Forest River', 0),
	(4, 'Forest Waterfalls', 0),
	(5, 'Ginger Island Ocean', 1),
	(6, 'Ginger Island Pond', 1),
	(7, 'Ginger Island River', 1),
	(8, 'Mines 20F', 1),
	(9, 'Mines 60F', 1),
	(10, 'Mines 100F', 1),
	(11, 'Mountain Lake', 0),
	(12, 'Mutant Bug Lair', 1),
	(13, 'Ocean', 0),
	(14, 'Pirate Cove', 1),
	(15, 'Secret Woods Pond', 0),
	(16, 'Sewer', 1),
	(17, 'Town River', 0),
	(18, 'Volcano Caldera', 1),
	(19, 'Witch\'s Swamp', 1);

-- Dumping structure for table idculver.sv_seasons
CREATE TABLE IF NOT EXISTS `sv_seasons` (
  `fish_id` int(11) NOT NULL,
  `spring` tinyint(1) NOT NULL DEFAULT 0,
  `summer` tinyint(1) NOT NULL DEFAULT 0,
  `fall` tinyint(1) NOT NULL DEFAULT 0,
  `winter` tinyint(1) NOT NULL DEFAULT 0,
  PRIMARY KEY (`fish_id`),
  CONSTRAINT `sv_seasons_ibfk_1` FOREIGN KEY (`fish_id`) REFERENCES `sv_fish` (`fish_id`)
) ENGINE=InnoDB DEFAULT CHARSET=utf8mb4 COLLATE=utf8mb4_uca1400_ai_ci;

-- Dumping data for table idculver.sv_seasons: ~49 rows (approximately)
INSERT INTO `sv_seasons` (`fish_id`, `spring`, `summer`, `fall`, `winter`) VALUES
	(1, 0, 0, 1, 1),
	(2, 1, 0, 1, 0),
	(3, 0, 0, 0, 0),
	(4, 1, 1, 1, 1),
	(5, 1, 1, 1, 1),
	(6, 1, 1, 1, 1),
	(7, 1, 1, 1, 1),
	(8, 0, 1, 0, 0),
	(9, 1, 1, 1, 1),
	(10, 0, 1, 0, 0),
	(11, 1, 0, 1, 0),
	(12, 1, 1, 0, 0),
	(13, 0, 0, 0, 0),
	(14, 1, 1, 1, 1),
	(15, 1, 1, 0, 1),
	(16, 1, 0, 0, 1),
	(17, 0, 0, 0, 0),
	(18, 1, 1, 1, 1),
	(19, 0, 0, 0, 0),
	(20, 0, 0, 0, 1),
	(21, 0, 0, 0, 0),
	(22, 0, 0, 1, 1),
	(23, 0, 1, 0, 0),
	(24, 0, 0, 0, 1),
	(25, 0, 1, 0, 1),
	(26, 0, 1, 0, 0),
	(27, 0, 1, 0, 0),
	(28, 0, 1, 0, 1),
	(29, 0, 1, 1, 1),
	(30, 0, 0, 1, 0),
	(31, 0, 0, 0, 0),
	(32, 1, 0, 1, 1),
	(33, 0, 0, 0, 0),
	(34, 0, 0, 1, 1),
	(35, 1, 1, 1, 0),
	(36, 0, 0, 0, 0),
	(37, 1, 0, 1, 0),
	(38, 0, 0, 0, 1),
	(39, 0, 0, 0, 0),
	(40, 0, 0, 0, 0),
	(41, 0, 1, 0, 1),
	(42, 1, 1, 0, 0),
	(43, 0, 1, 1, 0),
	(44, 0, 0, 1, 1),
	(45, 0, 1, 1, 0),
	(46, 0, 1, 0, 1),
	(47, 0, 0, 0, 0),
	(48, 0, 0, 1, 1),
	(49, 1, 1, 1, 1);

/*!40103 SET TIME_ZONE=IFNULL(@OLD_TIME_ZONE, 'system') */;
/*!40101 SET SQL_MODE=IFNULL(@OLD_SQL_MODE, '') */;
/*!40014 SET FOREIGN_KEY_CHECKS=IFNULL(@OLD_FOREIGN_KEY_CHECKS, 1) */;
/*!40101 SET CHARACTER_SET_CLIENT=@OLD_CHARACTER_SET_CLIENT */;
/*!40111 SET SQL_NOTES=IFNULL(@OLD_SQL_NOTES, 1) */;
